{"initial_reset_timestamp": 1578110702.9673479, "timestamps": [1578110718.497004], "episode_lengths": [1000], "episode_rewards": [1000.0], "episode_types": ["t"]}